iter	Logloss
0	0.3007996296
1	0.2161146021
2	0.1879596659
3	0.1800236574
4	0.1732668148
5	0.1721652382
6	0.1706949649
7	0.16799948
8	0.1674882168
9	0.1672391053
